-- MySQL dump 10.13  Distrib 5.7.32, for Linux (x86_64)
--
-- Host: localhost    Database: oaes_exam_admin_db
-- ------------------------------------------------------
-- Server version	5.7.32-0ubuntu0.18.04.1

/*!40101 SET @OLD_CHARACTER_SET_CLIENT=@@CHARACTER_SET_CLIENT */;
/*!40101 SET @OLD_CHARACTER_SET_RESULTS=@@CHARACTER_SET_RESULTS */;
/*!40101 SET @OLD_COLLATION_CONNECTION=@@COLLATION_CONNECTION */;
/*!40101 SET NAMES utf8 */;
/*!40103 SET @OLD_TIME_ZONE=@@TIME_ZONE */;
/*!40103 SET TIME_ZONE='+00:00' */;
/*!40014 SET @OLD_UNIQUE_CHECKS=@@UNIQUE_CHECKS, UNIQUE_CHECKS=0 */;
/*!40014 SET @OLD_FOREIGN_KEY_CHECKS=@@FOREIGN_KEY_CHECKS, FOREIGN_KEY_CHECKS=0 */;
/*!40101 SET @OLD_SQL_MODE=@@SQL_MODE, SQL_MODE='NO_AUTO_VALUE_ON_ZERO' */;
/*!40111 SET @OLD_SQL_NOTES=@@SQL_NOTES, SQL_NOTES=0 */;

--
-- Table structure for table `out_epack_header`
--

DROP TABLE IF EXISTS `out_epack_header`;
/*!40101 SET @saved_cs_client     = @@character_set_client */;
/*!40101 SET character_set_client = utf8 */;
CREATE TABLE `out_epack_header` (
  `epack_header_id` int(10) unsigned NOT NULL AUTO_INCREMENT,
  `epack_desc` varchar(255) COLLATE utf8_bin DEFAULT NULL,
  `created_on` datetime DEFAULT NULL,
  `created_by` varchar(255) COLLATE utf8_bin DEFAULT NULL,
  `epack_status` enum('CREATED','SENT') COLLATE utf8_bin DEFAULT NULL,
  `epack_sent_on` datetime DEFAULT NULL,
  `epack_path` varchar(255) COLLATE utf8_bin DEFAULT NULL,
  `center_id` int(10) unsigned NOT NULL,
  PRIMARY KEY (`epack_header_id`)
) ENGINE=InnoDB AUTO_INCREMENT=2 DEFAULT CHARSET=utf8 COLLATE=utf8_bin;
/*!40101 SET character_set_client = @saved_cs_client */;

--
-- Dumping data for table `out_epack_header`
--

LOCK TABLES `out_epack_header` WRITE;
/*!40000 ALTER TABLE `out_epack_header` DISABLE KEYS */;
INSERT INTO `out_epack_header` VALUES (1,'Nothing','2020-12-02 10:14:19','Author','CREATED',NULL,NULL,1);
/*!40000 ALTER TABLE `out_epack_header` ENABLE KEYS */;
UNLOCK TABLES;

--
-- Table structure for table `epack1`
--

DROP TABLE IF EXISTS `epack1`;
/*!40101 SET @saved_cs_client     = @@character_set_client */;
/*!40101 SET character_set_client = utf8 */;
CREATE TABLE `epack1` (
  `epack1_id` int(10) unsigned NOT NULL AUTO_INCREMENT,
  `epack_header_id` int(10) unsigned NOT NULL,
  `qp_id` int(10) unsigned NOT NULL,
  `maximum_marks` float NOT NULL,
  `instruction_id` int(10) unsigned DEFAULT NULL,
  `instruction_text` varchar(255) COLLATE utf8_bin DEFAULT NULL,
  `duration` int(10) NOT NULL,
  `batch_id` int(10) unsigned NOT NULL,
  `batch_code` varchar(255) COLLATE utf8_bin NOT NULL,
  `batch_start_time` datetime NOT NULL,
  `batch_end_time` datetime NOT NULL,
  `center_id` int(10) unsigned NOT NULL,
  `center_code` varchar(255) COLLATE utf8_bin NOT NULL,
  `center_name` varchar(255) COLLATE utf8_bin NOT NULL,
  `examdrive_id` int(10) unsigned NOT NULL,
  `examdrive_code` varchar(255) COLLATE utf8_bin NOT NULL,
  `examdrive_name` varchar(255) COLLATE utf8_bin NOT NULL,
  `course_master_id` int(10) unsigned NOT NULL,
  `course_code` varchar(255) COLLATE utf8_bin NOT NULL,
  `course_name` varchar(255) COLLATE utf8_bin NOT NULL,
  PRIMARY KEY (`epack1_id`),
  UNIQUE KEY `instruction_id` (`instruction_id`),
  KEY `fk_epack1_epack_header_id` (`epack_header_id`),
  CONSTRAINT `fk_epack1_epack_header_id` FOREIGN KEY (`epack_header_id`) REFERENCES `out_epack_header` (`epack_header_id`) ON DELETE CASCADE
) ENGINE=InnoDB AUTO_INCREMENT=3 DEFAULT CHARSET=utf8 COLLATE=utf8_bin;
/*!40101 SET character_set_client = @saved_cs_client */;

--
-- Dumping data for table `epack1`
--

LOCK TABLES `epack1` WRITE;
/*!40000 ALTER TABLE `epack1` DISABLE KEYS */;
INSERT INTO `epack1` VALUES (1,1,4,10,8,'time duration is 30mins',30,10,'batch4','2020-12-02 10:05:00','2020-12-03 10:05:00',1,'IIITB','International Institute of Information Technology, Bangalore',4,'test','Test',1,'dbms_101','DBMS'),(2,1,4,10,9,'no negative marks',30,10,'batch4','2020-12-02 10:05:00','2020-12-03 10:05:00',1,'IIITB','International Institute of Information Technology, Bangalore',4,'test','Test',1,'dbms_101','DBMS');
/*!40000 ALTER TABLE `epack1` ENABLE KEYS */;
UNLOCK TABLES;

--
-- Table structure for table `epack2`
--

DROP TABLE IF EXISTS `epack2`;
/*!40101 SET @saved_cs_client     = @@character_set_client */;
/*!40101 SET character_set_client = utf8 */;
CREATE TABLE `epack2` (
  `epack2_id` int(10) unsigned NOT NULL AUTO_INCREMENT,
  `epack1_id` int(10) unsigned NOT NULL,
  `qp_id` int(10) unsigned NOT NULL,
  `qp_item_id` int(10) unsigned NOT NULL,
  `item_text` text COLLATE utf8_bin NOT NULL,
  `item_marks` float unsigned NOT NULL,
  `item_type` varchar(255) COLLATE utf8_bin NOT NULL,
  `cognitive_level` enum('REMEMBER','UNDERSTAND','APPLY','ANALYZE','EVALUATE','CREATE') COLLATE utf8_bin DEFAULT NULL,
  PRIMARY KEY (`epack2_id`),
  UNIQUE KEY `qp_item_id` (`qp_item_id`),
  KEY `fk_epack2_epack1_id` (`epack1_id`),
  CONSTRAINT `fk_epack2_epack1_id` FOREIGN KEY (`epack1_id`) REFERENCES `epack1` (`epack1_id`) ON DELETE CASCADE
) ENGINE=InnoDB AUTO_INCREMENT=7 DEFAULT CHARSET=utf8 COLLATE=utf8_bin;
/*!40101 SET character_set_client = @saved_cs_client */;

--
-- Dumping data for table `epack2`
--

LOCK TABLES `epack2` WRITE;
/*!40000 ALTER TABLE `epack2` DISABLE KEYS */;
INSERT INTO `epack2` VALUES (1,1,4,10,' 	\nA database has a built-in capability to create, process and administer itself.',2,'True/False','CREATE'),(2,1,4,11,'Enterprise Resource Planning (ERP) is an example of a single user database.',2,'True/False','APPLY'),(3,1,4,12,'What do you mean by one to many relationship between Teacher and Class table?',2,'McqSingleCorrect','EVALUATE'),(4,1,4,13,'In one-to-many relationship the table on \'many\' side is called',2,'McqSingleCorrect','ANALYZE'),(5,1,4,14,'<figure class=\"image\"><img src=\"data:image/jpeg;base64,/9j/4AAQSkZJRgABAQAAAQABAAD/2wCEAAkGBxITEhUTExMWFhUXGBYVFRcYFRgYFRcVFxcWFxUXFRcYHSggGB0lGxUXITEhJSkrLi4uFx8zODMtNygtLisBCgoKDg0OGhAQGy0lICUtLS0tLS0tLS0tLS0tLS0tLS0tLS0tLS0tLSstLS0tLS0tLS0tLS0tLS0tLS0tLS0rK//AABEIALEBHQMBIgACEQEDEQH/xAAbAAACAwEBAQAAAAAAAAAAAAAABAIDBQEGB//EADoQAAEDAgMEBwcEAwACAwAAAAEAAhEDIQQxQRJRYXEFIoGRodHwBhMyUpKx4RRCU8EVYvEj0jOywv/EABoBAAMBAQEBAAAAAAAAAAAAAAABAgMEBQb/xAAtEQACAgEDAwIEBgMAAAAAAAAAAQIRAwQSIRMxQSJRBRRCYRUyUmKRoSNxgf/aAAwDAQACEQMRAD8A+OseQum608TgnDNnG2nr+0gRs5hapo2nilB1InQiC065c1ynRkwusM5KbS45WOvFOhqnRaygW3JieI+y66n2qIM/Fnxz71F7SDYqaZrwlwgdhhuPrilKlAhaFGvHxH12Jl7Q4WeORjwOqLruHSjNWu5jNeVJrNUzXoGdOwqtpIsQrMHFxfJOpBgxwPNW0sLN5AGpKpnku0wZkT/aKLTV20XVBIIGnis+o1abKc5Ezyul34f7pIeSLYpSNwU9UoGA7QpcU4K0aWJaGljsjdp3HdyIHZ3pvgWKKdqQka0CNVA712qyXd6up0pb2wmKnLgvwokEcLfdL1aMSmqDDIGoMqdVpkyMxblCnybuO6IlUALQZvlldUMVr27lUFSOeXcvLZCXqZJihuUH00wkrQrCk1Sc1doC6aMa5JVGKuFbVKrhMb7kKgUSFa8KtwQSyLGyrzYcVKjTOglFRkZpBXFlGzK08G3Zg5Q095lI0zcaJipXlp7h5/2lJWa4mouynFVbc5KXYyc+xWubZVudolRLdu2MUcUP9u9Sr1QfhI4hJlhCkUtpfVlVM6QfwpMdvnsK5TeRvTDRa0+EICKsrBk5ntVxYdZlQ92rWvmxQWl7hSp6FD8PGV0wKalVYISs26fAq18TYqqJ1TQw0i2e6VFtAgp2iHCXkqNMpvB4Sc+xWW1XdqWwMwi7NI44xdi+KpRMaWVLHRc9vmFqU8NtCfBTrYRoaD3pWX0JP1IyntmIBVJYU41paS28JilhgfV07Mum5FGDws3Pj/S7WGw4gQW5jtTeKqe7sNRI4KjCsD4bloPz43Qvc0cUvQu5Z0c7/wAgdGXYFbjCCTExMzq47uSljqHuy1g+IdZ3dYLtGiC3NTx+Y6Ixkk8Zl1KV50VValedCnMWwgwOasosBY6ZznwTulZzPFcnEzqZgyrKYmVYaBHL+lOhCpmcYtOmZ9ZqjQCvxYVDbBUjnmqkReVNjbSq4lXvyhMhc2ykqICkUJkl9Kvs5ZyPwqXOlVqSQ7b4LGtgEnh/ZUaTSfWSnUNj2R3ZqTKeYysO8pWWo2zjmzl+FF1Bu9Ta2RbRLVBdQ2W1S7E2mc1xrI5KDXK1pVEJ2Sq04OYPEK7DvAniqn1ZzM/dQBISNNyUrQ1Yrvu1S10p/aloymLxPik+DaFSObdo3cP7VZuo1SuUHX+8pUU5c0X0WXzTdOlNuwJZxvb12obUdndS0dEGoumWYinBVmHbbdqpE7VjmrG0SISs0WP1WuxUyoWkeioueSSNDcK0gG0LtakWxbsCpMTi6+xPC4PacA6x3lU4j4zaAOrHDJMU68jZmDop1qe11t4APrept3ya7IyhURCrS1iePkoYZ8c1oNoHZIulmYUTn/apSMZ4ZJpob2jUaHkXFjyUcPRcCQD63KWEqBhP2PjCdc0GC3I5nVQ3XB1QgpLc+/kyquFJk67lVTbsuh9gUzRG06DmJlX4rCtJHLtJVXXDMOnu9UTMxQIsLgZcQqXMyhMYumW20GXJcnqx3f2qT4Oecbk7Fq1CUnWYtF0xBySjmXjeriznyxRyjhTsF+4wVUQvRYrC7FHZ3wfBYLmJQnuK1Gn6VL7FIZOSgWJ7CsuZBgC/9JWqbyFd8nI4cWLwpBqm1kq10JkJEWiZPL163q6kzanib8guCnPVGeu4JilLWEZ8iDZRI6cUeeewuypsyN4M9uXckamatqVSlypSIyZL4RKFJqGvVljlZVRCOICl7sxK60cE6HR0MyTVOiY09blDD1AJDhIPhxVrmRAkcD9uSTNoJJWQrNIFwqOS2mbIA2htNIAHWFjF/GUhWwttpmXMH7clKZtkxeUV03ZJyxFvRWeH6Qr6R3eNkSiLHkrgcNbdHEnyWng6m0BIuMvQWPQd1t4WgwgZAToRu1H/AFZzid+ny+bKXPLKlxrceS0GbLnAbQAiDOfYNVn419wdfupYUtJlxIIyCbVqxwyVNx8WOOwgBkTvsd3goU8SGwPqGkdynUxgFgc/vuKgMN7xsgiRpbtMaqOa9Ru63f4u4xiaYIc6cwNn8JXo2CTHxCJCcos2Rs2IIO4RzvGvikMONl5GR5wiLtNBltSjJr/YxXwhcXGLjVGGYW2d8MxmCJtoQNE7haVUkz8JBhMVKbS2TbllM6Rkoc32No4E/X2Z53Et2agMx6/Kdo4txdGztTYmMh9ojRc6UwpiYyTXR1F4YRtNOWRae6CVq2nGzkxwkszj/wBMnHM0HoFKvq9WNy1cdRjSDryKytjmnF8GGaDU+AgkC89yoye3gRK1MK0/KO1LVWdYmNyuMjKeJpJm3078AjcPsvNBq9Bj3l9Jp5f2s4MgZLHB6YnX8RXUypr2QnjXhvVadZPNIEK/EUzKjSYupcI8bJcpUDKVlF1NMOEBQLlLmX0uCqlTIILsiY4neu4qtP2UKj5VZCKvuS5bVSKXKBarnNUCE2c7QbK7CshEJl7SIJVvvJUdldDUDVlttFc12mX9896WDVYJTotMscCBY23KVHGEWOU6KtR2EUh7mnaG8RGYAvrkeaVqsm+akApNQlQ5S3dyNB5GqcZjB2pZwUAxDSYozlHsaLHBwkdyi52//nEJRpIV9KoZvdLabLLZTVcQYnktDo7HOabZ3yt6KWxFMEqptjYgjhP9gIcU0Ecssc7R6nDYtjjsyA45RIHKDvvZVYzo6CHE9U7rnsCzsC4ERAnQ+S2H4sNp7Bg5ySbxwIvwXLKG2XB68NRHJj9YpWxLWtGyTb9pPipUKtOqLuO0ZsJ3G4WTiiCbJem8tIIJEZLXpJo43rZKXKtGvXxBHUeTr2aX4J/o/CtcyWvh3C25edr1XO6ziSTmdUz0ZiHzDZH27USx+ngMepTyW1a/s9BVwktlxvcSYzGcpD/FHZlgm+/yyU39I+7aRIJO+w8z4JfC9OFhtyy6scpvF/NYLHPujvlqcLpSEqkixBBCGGbeK9HWpNqtB2AHHUTEdqyqmCI5b9L8QmppqvJDwNPcnaONqbVMNjXwRUY0y2YgW3FMVKGxTJJiIAP7TPGVn0qZngBtHdHohEapseVS3JNGdiBKWcYKaqGTOk2GqUrn8clrv4PLljptkS9czXaNIkq59GM1G5WPpyasV2VxwVzmLnu44rTcYvGLEKOwr3FQIScmZ7EMe5QaK0m0FIYZPebdEyxRXfdLVGFR+lT3h0GZgpqQprRGGUhhk94dBmcKSl7paLcOrBh0dQpYWZYoqQoLUGGXf0qOoHQZl+4R7lawwqrxFINaXHII6iB4WlbM33SqfVa0wXAHdN1nYvphzpDRsjLeew9oWd69bknkOWU14N93SdITJJPAWPas+r0q45NAHeUgURKzeRkuUpDbOlqou10cQAut6WryTtzIi8EX4FLMpSpCis3JlpSJjpCr83gFMdJVJm3KLKn3Kgad801NkuLNCh0ro8do8k/hukmGwMc7eK88QF0H1n4K1kYlNxZ6qm8PuDteKn+nO5eVw2IdTcHsMHfHgfJej6G6XNVwY8CTrOfZ5KuozoxZIzdPua2AxrqdsxuO7dzW7Qex5kRtAXNgbWvfddZL8LCKYIOvrLJYzipco9bDnni4lyi/py7BESM5ET2b1mVRs0hn1hJJB8SAt/DvEbTjJkmLT6yVPSLGEWvFxzOkLnTlHij0JdPJ6t3NHk3ls2IHPPtS5aSU90gQLR6KXZh35xA3+s1upHlZMfqpDFEbAnUqgUXOM/8AFZSBmSfXL8K4km144CPFJPk0cbil4Fn0Q3VKVnhO1KJ9ZqkUL3t23WiZyzg3wkKAE6ILCnDAyAVDnJ2YShR6MUlMUUyGo2VjuPRWNFPuV33KuDVYGpbi1jQt7lTbR4JgBTARuKWNCvuFY2gmWhWsYp3lLGhdlBWDDJprFe1oUObLWNCIwq8/7ZP2KEdXrGLm+RnZGv5XriV5H2i9mX18QKjTLS2HSQA3ZyAtN+1VCfPJy6uMum1BW2eJw2FLhMgDiYvz32U6TWf7bU62GtvtuyOSc6V6O9zVFNzmn4SQJcQDoLZxdV1ntIDBTa07V3l5sNzibD8Qui77Hg7KdMDhWOADD1ouDM2knS1t/DmuHAmYAk3JaLkRxGfNdpOLPgkH90EFp2bgtdOfabLSw+KBzDg62wB8Mda5ty8VDZ0Y4WxPDYMmII48D/zXJP4bo6f2kmDYWsBZ19Jz3eA0ujMIX6NhrW5n/UwM9c4Gsr0LOjX/APyMGxtCAGyCBpz+HvK48maj1sWkjVs8LU6POYBjU7OmsCbgeaSqYNxJGZgk8xpORy5L3mM6HLR7shoJkhxtkIgEb4nfYjVedxEMd1haXg7JO9s65ZRyWmPLZjn0yStGKOjyWzaAJMZ8RBjwnRU120/27rm+/XWcpz5rQxeJJJaxpaJJYSYdAJI2osdLb1nVGiC4EW+Y9Zx1hdKZ5c40RbSa4mOqL/EbamJGZy0UcM80qrTI6p1y3XibK+vUa5pPu2tNo2Zgb5bPjGiXYx1QhjWkuJgbyTAAGioz88H03DU9sA2jOQZHfqrxSiwVHs30b7ig1hJnNwkEBxzAjSVrOpixhc7nyfQRi3FOS5FaHRr3XyCu/wAc0Zuk8x/1awrtLYAGWu9ZFbDVHbXWHYZHasJ55HZptPifLM3F4KjOUkZBZuKuYtbuHM59ma2nYANzdPGD5RCWdhaYGbe4z4LKMndnoy2baVGE6k4mB369m5TZQfoO1awp08s+wq5j4yYe4Bb7zhePnhGMOi3u3+uKuHQR1HefKVtNxBGniSqqmKech3A/2jrexL0lq2jHq9DgZx3eaTqYRo3eC1sQKp/afBZlTDVSdB2rWOT3OTNp2uyNkOXZXz0Yup/I/wCt3mgYqp/I/wCt3mujpfc81a/7H0QKUr54MXU/kf8AW7zXRian8j/rd5pdIv8AEPsfQ5Ug9fOxiX/O/wCp3mpDEP8And9R80dG/I/xD9p9HYUwxfMxXf8AO76j5qQrVPnf9R80vln7lL4h+0+o02q8MC+Vtq1Pnd9R81Y19T53fUfNS9I/cta5P6T6TUQxq+eU3P8AmPefNN09s/uPeUfLteTaOpT8Hrcd0DQqkudTbtERtAQ7KMxnbekR7L0AGtDXDZEA7TjvuQbTfdoBlZZDKT95V7KLt/j+EljcfI+nCbtxNB/sowUntpue3auQA10lvWADSBNwNQTlOUYtX2Wr02F5gsEuI+EgW6xbkM8gf2jktKmx2p8U1RJ3qZRfuXHSQu1wHs/0PXmWgggTcOaYIuJI1uL7ivqfse+k2nDwA4COsACBraOXcvB4Ood/rsSXtd0u+mynsuIkuE8IC4pRlGdovU4d+Om+D0ftJgTWqn3ILWw4TcN2TmLWPJeDxPsziHv6rTuJcC0DTN2evwzlaV7WtXMQCbWHYsuu52clGKL7my09wUW+DGw/sDJmtWkWkNaCbC3XeDYTlGg7NIexGFuNkwZEbWm6c/GVVUq1Pmd3nzSdXE1v5H/U7zXUo5H5Od6THHmrNil7F4UFv/iHVBaLuIg/Ne/MrQb0PSpfA1jeTQPtwXj34iv/ACP+s/8AsqKmLr/yv+t3ml0Mj+oS2QfEf6R7j3IXDSC+e1cbX/kf9bks/HV/5X/W7zVLSz/UTPVwXhn0d7g28pN+N/2jsC+evxlbWo/63eaodiKv8j/qPmiWhnLvIUPiWLH9DPoL8VP7j2gf0EucVH7vDzK8GcRU/kd9R81A4ip87vqKn5BryW/jMPEH/J74YsfM49vkFJ2MA9SfFfPf1VT53/UfNROKqfyP+p3mj5J+4vxqNflf8n0I9IKup0j6lfPziX/O76j5qs4h/wA7vqKpaL7kS+Mx/S/5PcV8dxHek34sfN4fheR98/53fUVw1XfMe8q1pa8nPL4tF/SRC7CipBdp4qJAKSiF0OSLsmpAKvaUgUxplrVNqpDlMPTRSYw0q1k+gUqH8u1WNdwTLUh2lUTlGp6n8rNZVPHvCupu5/S0qWjeGWjXZUPoK5tX16CymVY1H0EdliFfTrcvqPhdZuJ1wzGm2opU6181m1caxou4cdqZ+yycR0+0E7InjosJI6HqYw7s91h8Ry9cl5727xM06fBzv/r+F51/tHW0IHek8T0hUqfG7avPasljd2zPPr8c8bjG7PrFPFbQmQoPdK+a0en67RAcDlmJyyV1L2prg3gjdceISjjaN18SxVzZ7muUhVqrGo+1LHWeC3K9zzTH69jxZwM8THftZ8FvBe4p6qEvysafVVNWodfEJV9f1B//AESqalThys0f0t1E4552SrVeXelXuPr/AIuvefR/CXe/1K0SOSeSzrifVlU8rhfy9clW6pxKZi5HSqyglQlIjcdKiQguUZSFYEKJC6SolBLZxcXZXEEBKFwLoQB1SCjKga4CG6GXgrsJR2IKrc8nVRvQ7Hi8DVH6lu/wWehLexWaBxjRvUf1w+UpFCN7DczQHSX+virWdLx+0/V+FlICW9lKcka3+ZPy+PkAl6/ST3WyG4JNCTbZe+T8nXPJzJKAVxCmibJBy7tKCEUO2T21EuXEIC2ErrXEZGFxCZI1T6RqAQD4eozVn+WqcPHzSKiU7Y979x89Jk5tHio/5D/UJJCe5k72O/ruC5+t4eKTQjexWxz9UOKkKrTqkUJ72FmhtBcKRa4jIqwVympoLL0FVtrAqcq07EC5KCuIAh7xRNZVoWW5gdc4nNcQhSAIQhAAhCEACEIQAIQhAHQV1RQEDskhcXUFAhCEqAELi5KYNklxcQgmzpK4hCBAhCEACEIQAIQhAAhCEAC6CVxCAJiqVL3qqQnuYAhCEgBCEIAEIQgAQhCABCEIAEIQgAQhCAOhdQhBaBCEIAiUIQggEIQgAQhCABCEIAEIQgAQhCABCEIAEIQgAQhCAP/Z\"></figure> What is a database?',1,'McqSingleCorrect','UNDERSTAND'),(6,1,4,15,'What is a FK?',1,'McqMultiCorrect','APPLY');
/*!40000 ALTER TABLE `epack2` ENABLE KEYS */;
UNLOCK TABLES;

--
-- Table structure for table `epack3`
--

DROP TABLE IF EXISTS `epack3`;
/*!40101 SET @saved_cs_client     = @@character_set_client */;
/*!40101 SET character_set_client = utf8 */;
CREATE TABLE `epack3` (
  `epack3_id` int(10) unsigned NOT NULL AUTO_INCREMENT,
  `epack2_id` int(10) unsigned NOT NULL,
  `qp_item_id` int(10) unsigned NOT NULL,
  `item_option_id` int(10) unsigned NOT NULL,
  `option_text` varchar(255) COLLATE utf8_bin NOT NULL,
  PRIMARY KEY (`epack3_id`),
  KEY `fk_epack3_epack2_id` (`epack2_id`),
  CONSTRAINT `fk_epack3_epack2_id` FOREIGN KEY (`epack2_id`) REFERENCES `epack2` (`epack2_id`) ON DELETE CASCADE
) ENGINE=InnoDB AUTO_INCREMENT=21 DEFAULT CHARSET=utf8 COLLATE=utf8_bin;
/*!40101 SET character_set_client = @saved_cs_client */;

--
-- Dumping data for table `epack3`
--

LOCK TABLES `epack3` WRITE;
/*!40000 ALTER TABLE `epack3` DISABLE KEYS */;
INSERT INTO `epack3` VALUES (1,1,10,2,'True'),(2,1,10,2,'False'),(3,2,11,3,'True'),(4,2,11,3,'False'),(5,3,12,13,'One class may have many teachers'),(6,3,12,14,'One teacher can have many classes'),(7,3,12,15,'Many classes may have many teachers'),(8,3,12,16,'Many teachers may have many classes'),(9,4,13,17,'Parent'),(10,4,13,18,'Child'),(11,4,13,19,'Sister'),(12,4,13,20,'Master'),(13,5,14,1,'Collection of related data'),(14,5,14,2,'Collection of data'),(15,5,14,3,'Collection of words'),(16,5,14,4,'Collection of people'),(17,6,15,9,'Foreign Key'),(18,6,15,10,'Foreign Keyword'),(19,6,15,11,'Fashion Key'),(20,6,15,12,'Forward Key');
/*!40000 ALTER TABLE `epack3` ENABLE KEYS */;
UNLOCK TABLES;

--
-- Table structure for table `epack4`
--

DROP TABLE IF EXISTS `epack4`;
/*!40101 SET @saved_cs_client     = @@character_set_client */;
/*!40101 SET character_set_client = utf8 */;
CREATE TABLE `epack4` (
  `epack4_id` int(10) unsigned NOT NULL AUTO_INCREMENT,
  `epack1_id` int(10) unsigned NOT NULL,
  `batch_id` int(10) unsigned NOT NULL,
  `examinee_batch_id` int(10) unsigned NOT NULL,
  `examinee_id` int(10) unsigned NOT NULL,
  `examinee_code` varchar(255) COLLATE utf8_bin NOT NULL,
  `examinee_name` varchar(255) COLLATE utf8_bin NOT NULL,
  `examinee_password` varchar(255) COLLATE utf8_bin NOT NULL,
  `examinee_branch` varchar(255) COLLATE utf8_bin DEFAULT NULL,
  `examinee_email` varchar(255) COLLATE utf8_bin DEFAULT NULL,
  `examinee_college` varchar(255) COLLATE utf8_bin DEFAULT NULL,
  PRIMARY KEY (`epack4_id`),
  KEY `fk_epack4_epack1_id` (`epack1_id`),
  CONSTRAINT `fk_epack4_epack1_id` FOREIGN KEY (`epack1_id`) REFERENCES `epack1` (`epack1_id`) ON DELETE CASCADE
) ENGINE=InnoDB AUTO_INCREMENT=3 DEFAULT CHARSET=utf8 COLLATE=utf8_bin;
/*!40101 SET character_set_client = @saved_cs_client */;

--
-- Dumping data for table `epack4`
--

LOCK TABLES `epack4` WRITE;
/*!40000 ALTER TABLE `epack4` DISABLE KEYS */;
INSERT INTO `epack4` VALUES (1,1,10,11,1,'S1','ABC','abc','CSE','ABC@iiitb.org','IIITB'),(2,1,10,12,3,'S3','Z','z','ECE','null','null');
/*!40000 ALTER TABLE `epack4` ENABLE KEYS */;
UNLOCK TABLES;
/*!40103 SET TIME_ZONE=@OLD_TIME_ZONE */;

/*!40101 SET SQL_MODE=@OLD_SQL_MODE */;
/*!40014 SET FOREIGN_KEY_CHECKS=@OLD_FOREIGN_KEY_CHECKS */;
/*!40014 SET UNIQUE_CHECKS=@OLD_UNIQUE_CHECKS */;
/*!40101 SET CHARACTER_SET_CLIENT=@OLD_CHARACTER_SET_CLIENT */;
/*!40101 SET CHARACTER_SET_RESULTS=@OLD_CHARACTER_SET_RESULTS */;
/*!40101 SET COLLATION_CONNECTION=@OLD_COLLATION_CONNECTION */;
/*!40111 SET SQL_NOTES=@OLD_SQL_NOTES */;

-- Dump completed on 2020-12-02 10:14:21
